NP_code,Model,bins,fpr,tpr
NP19,FC-Based Model,-0.1,0.0,0.0
NP19,Shuffled Baseline,-0.1,0.0,0.0
NP19,IEA Cycle-Based Model,-0.1,0.0,0.0
NP19,IEA Cycle-Based Model,0.0,0.06931702344546381,0.04586129753914989
NP19,FC-Based Model,0.0,0.04401485364788117,0.04602109300095877
NP19,Shuffled Baseline,0.0,0.047145769622833844,0.05704697986577181
NP19,FC-Based Model,0.1,0.15192660550458714,0.1806711409395973
NP19,Shuffled Baseline,0.1,0.1573012232415902,0.17323825503355705
NP19,IEA Cycle-Based Model,0.1,0.1654434250764526,0.14563758389261744
NP19,IEA Cycle-Based Model,0.2,0.2327217125382263,0.25973154362416107
NP19,FC-Based Model,0.2,0.24569954128440366,0.34794463087248323
NP19,Shuffled Baseline,0.2,0.24223402543054884,0.26951607205934297
NP19,Shuffled Baseline,0.3,0.33855759429153925,0.3420022371364653
NP19,IEA Cycle-Based Model,0.3,0.34306366416458156,0.42892007321537523
NP19,FC-Based Model,0.3,0.34687636522498905,0.487535953978907
NP19,FC-Based Model,0.4,0.44453711426188486,0.6073825503355704
NP19,IEA Cycle-Based Model,0.4,0.4625382262996942,0.537751677852349
NP19,Shuffled Baseline,0.4,0.46091360856269115,0.46581375838926176
NP19,Shuffled Baseline,0.5,0.5521872091477197,0.5818500145900204
NP19,FC-Based Model,0.5,0.5503058103975536,0.6875838926174497
NP19,IEA Cycle-Based Model,0.5,0.5611620795107033,0.6040268456375839
NP19,Shuffled Baseline,0.6,0.6565137614678899,0.6808053691275169
NP19,FC-Based Model,0.6,0.65565749235474,0.7691275167785234
NP19,IEA Cycle-Based Model,0.6,0.6874617737003058,0.636241610738255
NP19,FC-Based Model,0.7,0.7564220183486239,0.85
NP19,Shuffled Baseline,0.7,0.7530317410102289,0.8211062254107846
NP19,IEA Cycle-Based Model,0.7,0.7660550458715596,0.7348993288590604
NP19,Shuffled Baseline,0.8,0.8594881699661999,0.9279406570116567
NP19,FC-Based Model,0.8,0.8473496432212029,0.8998881431767338
NP19,IEA Cycle-Based Model,0.8,0.8707951070336392,0.8611577181208053
NP19,IEA Cycle-Based Model,0.9,0.9536697247706423,0.9436241610738255
NP19,Shuffled Baseline,0.9,0.9567160668078099,0.9814145585957667
NP19,FC-Based Model,0.9,0.9541284403669725,0.9604772557792693
NP38,IEA Cycle-Based Model,-0.1,0.0,0.0
NP38,FC-Based Model,-0.1,0.0,0.0
NP38,Shuffled Baseline,-0.1,0.0,0.0
NP38,FC-Based Model,0.1,0.1414141414141414,0.5
NP38,IEA Cycle-Based Model,0.1,0.17424242424242425,0.5576923076923077
NP38,Shuffled Baseline,0.1,0.18181818181818182,0.19230769230769232
NP38,IEA Cycle-Based Model,0.3,0.35353535353535354,0.8269230769230769
NP38,IEA Cycle-Based Model,0.8,0.8207070707070707,1.0
NP38,IEA Cycle-Based Model,0.9,1.0,1.0
NP38,Shuffled Baseline,0.9,1.0,1.0
NP38,FC-Based Model,0.9,1.0,1.0
NP17,FC-Based Model,-0.1,0.0,0.0045871559633027525
NP17,Shuffled Baseline,-0.1,0.0,0.0
NP17,IEA Cycle-Based Model,-0.1,0.0,0.0
NP17,IEA Cycle-Based Model,0.0,0.04951370468611848,0.0402258292166549
NP17,Shuffled Baseline,0.0,0.04022988505747127,0.01703800786369594
NP17,FC-Based Model,0.0,0.051201671891327065,0.09549624687239366
NP17,FC-Based Model,0.1,0.138752052545156,0.3551769331585845
NP17,Shuffled Baseline,0.1,0.15038314176245213,0.10091743119266056
NP17,IEA Cycle-Based Model,0.1,0.13362068965517243,0.10665137614678899
NP17,IEA Cycle-Based Model,0.2,0.24584929757343554,0.253822629969419
NP17,Shuffled Baseline,0.2,0.24928160919540232,0.2029816513761468
NP17,FC-Based Model,0.2,0.2449712643678161,0.46903669724770647
NP17,Shuffled Baseline,0.3,0.3403575989782886,0.3924566768603466
NP17,FC-Based Model,0.3,0.3448275862068965,0.5321100917431193
NP17,IEA Cycle-Based Model,0.3,0.33764367816091956,0.3669724770642202
NP17,IEA Cycle-Based Model,0.4,0.4412024756852343,0.5222300635144672
NP17,FC-Based Model,0.4,0.46551724137931033,0.5657492354740061
NP17,Shuffled Baseline,0.4,0.4578544061302682,0.5749235474006116
NP17,FC-Based Model,0.5,0.548440065681445,0.6238532110091743
NP17,IEA Cycle-Based Model,0.5,0.5475444096133751,0.628023352793995
NP17,Shuffled Baseline,0.5,0.5566502463054187,0.6834862385321101
NP17,Shuffled Baseline,0.6,0.6551724137931034,0.7438837920489297
NP17,FC-Based Model,0.6,0.6577266922094508,0.744138634046891
NP17,IEA Cycle-Based Model,0.6,0.6467727674624226,0.7473535638673253
NP17,IEA Cycle-Based Model,0.7,0.7593869731800766,0.8727828746177371
NP17,Shuffled Baseline,0.7,0.7519157088122604,0.8195718654434251
NP17,FC-Based Model,0.7,0.7229885057471265,0.836697247706422
NP17,FC-Based Model,0.8,0.8436781609195403,0.9055045871559633
NP17,Shuffled Baseline,0.8,0.8544061302681992,0.874617737003058
NP17,IEA Cycle-Based Model,0.8,0.8586206896551725,0.9357798165137614
NP17,FC-Based Model,0.9,0.9623824451410659,0.9716430358632194
NP17,Shuffled Baseline,0.9,0.9503932244404114,0.9468855625301787
NP17,IEA Cycle-Based Model,0.9,0.9597701149425287,0.9749791492910759
NP32,IEA Cycle-Based Model,-0.1,0.0,0.0
NP32,FC-Based Model,-0.1,0.0,0.015060240963855422
NP32,Shuffled Baseline,-0.1,0.0,0.0
NP32,Shuffled Baseline,0.0,0.035211267605633804,0.05120481927710843
NP32,FC-Based Model,0.0,0.05633802816901408,0.21686746987951808
NP32,IEA Cycle-Based Model,0.1,0.15492957746478872,0.27409638554216864
NP32,Shuffled Baseline,0.2,0.2535211267605634,0.25301204819277107
NP32,IEA Cycle-Based Model,0.3,0.3556338028169014,0.6265060240963856
NP32,IEA Cycle-Based Model,0.6,0.6056338028169014,0.8433734939759037
NP32,FC-Based Model,0.8,0.8732394366197183,0.9698795180722891
NP32,IEA Cycle-Based Model,0.9,1.0,1.0
NP32,FC-Based Model,0.9,1.0,1.0
NP32,Shuffled Baseline,0.9,0.971830985915493,0.963855421686747
NP5,FC-Based Model,-0.1,0.0,0.0
NP5,Shuffled Baseline,-0.1,0.0,0.0
NP5,IEA Cycle-Based Model,-0.1,0.0,0.0
NP5,FC-Based Model,0.0,0.05293120763243786,0.049984289903644744
NP5,IEA Cycle-Based Model,0.0,0.04947370410265132,0.06402737047898338
NP5,Shuffled Baseline,0.0,0.05046447401456189,0.050397989107666526
NP5,IEA Cycle-Based Model,0.1,0.1467161361713207,0.21578690127077224
NP5,Shuffled Baseline,0.1,0.14862451131594995,0.1386228978394877
NP5,FC-Based Model,0.1,0.14575069043434596,0.1464573732718894
NP5,FC-Based Model,0.2,0.24963195028144977,0.26383399209486164
NP5,Shuffled Baseline,0.2,0.25214411247803165,0.23293010752688173
NP5,IEA Cycle-Based Model,0.2,0.2502493706360139,0.3322897677736387
NP5,Shuffled Baseline,0.3,0.3498744664825509,0.3411185588604943
NP5,FC-Based Model,0.3,0.3488524759640236,0.39552785923753664
NP5,IEA Cycle-Based Model,0.3,0.3600688342120679,0.4210654936461388
NP5,Shuffled Baseline,0.4,0.45648636334049336,0.43502226566742697
NP5,FC-Based Model,0.4,0.44932630345635616,0.5066898826979472
NP5,IEA Cycle-Based Model,0.4,0.4481301344668329,0.5171349655595717
NP5,FC-Based Model,0.5,0.5512365051468742,0.6070773984080436
NP5,Shuffled Baseline,0.5,0.5501960254157091,0.5274644710128581
NP5,IEA Cycle-Based Model,0.5,0.549213323290652,0.6314236838430387
NP5,Shuffled Baseline,0.6,0.6498775533723242,0.6326979472140762
NP5,FC-Based Model,0.6,0.6535690144653239,0.7037418226934355
NP5,IEA Cycle-Based Model,0.6,0.6505197087622395,0.719082530372853
NP5,Shuffled Baseline,0.7,0.7539126031396146,0.7404070778865749
NP5,IEA Cycle-Based Model,0.7,0.7472918996644832,0.8042855238603039
NP5,FC-Based Model,0.7,0.7503197098306099,0.7931147438697198
NP5,IEA Cycle-Based Model,0.8,0.8519525054653007,0.8849688863457549
NP5,Shuffled Baseline,0.8,0.8531125705300157,0.8521248135000257
NP5,FC-Based Model,0.8,0.8518423639450716,0.8883393806849247
NP5,FC-Based Model,0.9,0.9521329285828407,0.9708077845907758
NP5,Shuffled Baseline,0.9,0.9562869467966129,0.9512929885363903
NP5,IEA Cycle-Based Model,0.9,0.9541702839477418,0.9605695509309968
NP21,FC-Based Model,-0.1,0.0,0.0
NP21,Shuffled Baseline,-0.1,0.0,0.0
NP21,IEA Cycle-Based Model,-0.1,0.0,0.0
NP21,IEA Cycle-Based Model,0.0,0.03300031466331026,0.03707951070336391
NP21,FC-Based Model,0.0,0.053858178200937905,0.06283910427148072
NP21,Shuffled Baseline,0.0,0.05308233233917969,0.03875814386384789
NP21,FC-Based Model,0.1,0.14770904809273433,0.18235178060570187
NP21,Shuffled Baseline,0.1,0.1484559796879408,0.1388273753031741
NP21,IEA Cycle-Based Model,0.1,0.11369834277323265,0.08817533129459736
NP21,FC-Based Model,0.2,0.2522505267190193,0.297034968754155
NP21,IEA Cycle-Based Model,0.2,0.24657016991818753,0.1908256880733945
NP21,Shuffled Baseline,0.2,0.24505485013388614,0.2285782814654914
NP21,Shuffled Baseline,0.3,0.3476130540321855,0.3180428134556575
NP21,IEA Cycle-Based Model,0.3,0.36154814348646946,0.2842860503410962
NP21,FC-Based Model,0.3,0.35041586583436807,0.41639804942557235
NP21,Shuffled Baseline,0.4,0.4498494718759036,0.4404082982064634
NP21,FC-Based Model,0.4,0.44534540349518326,0.540519877675841
NP21,IEA Cycle-Based Model,0.4,0.4400946160022569,0.36475798797848785
NP21,FC-Based Model,0.5,0.548028109922383,0.6352701325178389
NP21,Shuffled Baseline,0.5,0.5443989930774071,0.5370030581039755
NP21,IEA Cycle-Based Model,0.5,0.5240192993496958,0.441131498470948
NP21,Shuffled Baseline,0.6,0.6476176942284658,0.6385518397948111
NP21,IEA Cycle-Based Model,0.6,0.6609844857307029,0.6105571067677171
NP21,FC-Based Model,0.6,0.6487098804279421,0.7188073394495412
NP21,FC-Based Model,0.7,0.7455201881355371,0.7831965234186383
NP21,Shuffled Baseline,0.7,0.7510036674551334,0.7522935779816513
NP21,IEA Cycle-Based Model,0.7,0.7440873748959581,0.7300976620301864
NP21,IEA Cycle-Based Model,0.8,0.8488932060087011,0.816779683552719
NP21,Shuffled Baseline,0.8,0.8432008520114247,0.8577393554457775
NP21,FC-Based Model,0.8,0.8361303405356268,0.8458205912334352
NP21,FC-Based Model,0.9,0.9541436931140397,0.9425806746086083
NP21,Shuffled Baseline,0.9,0.9543182911931293,0.9588655033878996
NP21,IEA Cycle-Based Model,0.9,0.9500400480576693,0.9316096747289407
NP36,IEA Cycle-Based Model,-0.1,0.0,0.0016556291390728477
NP36,Shuffled Baseline,-0.1,0.0,0.0
NP36,FC-Based Model,-0.1,0.0,0.0
NP36,FC-Based Model,0.0,0.04298974108451392,0.05953066513101065
NP36,IEA Cycle-Based Model,0.0,0.02975529599857885,0.02994529225453498
NP36,Shuffled Baseline,0.0,0.04796470562667072,0.04375088065379738
NP36,IEA Cycle-Based Model,0.1,0.1415985699693565,0.13838300220750552
NP36,FC-Based Model,0.1,0.1550298197634189,0.1966460158085879
NP36,Shuffled Baseline,0.1,0.15555231285568363,0.13718070009460737
NP36,IEA Cycle-Based Model,0.2,0.25427306775621383,0.2664459161147903
NP36,FC-Based Model,0.2,0.25059584610146407,0.33167770419426046
NP36,Shuffled Baseline,0.2,0.24582907728975145,0.2230368968779565
NP36,Shuffled Baseline,0.3,0.3530132788559755,0.3048841059602649
NP36,FC-Based Model,0.3,0.35382314314898583,0.46972563859981076
NP36,IEA Cycle-Based Model,0.3,0.34162410623084777,0.3210264900662252
NP36,FC-Based Model,0.4,0.4574055158324821,0.570612582781457
NP36,IEA Cycle-Based Model,0.4,0.4463738508682329,0.38711619506321493
NP36,Shuffled Baseline,0.4,0.44273067756213824,0.41330022075055184
NP36,FC-Based Model,0.5,0.5561797752808989,0.6526490066225166
NP36,Shuffled Baseline,0.5,0.5381584707427404,0.521917376222012
NP36,IEA Cycle-Based Model,0.5,0.5419645897173987,0.5008278145695364
NP36,IEA Cycle-Based Model,0.6,0.6509703779366701,0.5996688741721854
NP36,Shuffled Baseline,0.6,0.6519918283963227,0.6005794701986755
NP36,FC-Based Model,0.6,0.6456768611428229,0.7271133619010518
NP36,Shuffled Baseline,0.7,0.7473369327301912,0.7241012298959318
NP36,IEA Cycle-Based Model,0.7,0.7552896541660586,0.6915799432355724
NP36,FC-Based Model,0.7,0.7600272386789241,0.7950331125827815
NP36,IEA Cycle-Based Model,0.8,0.8634661218930882,0.8348785871964679
NP36,FC-Based Model,0.8,0.8551485967216305,0.869441816461684
NP36,Shuffled Baseline,0.8,0.8479610277363085,0.8569154355578197
NP36,FC-Based Model,0.9,0.951771515552084,0.9540319439033892
NP36,Shuffled Baseline,0.9,0.9467895574506496,0.9602649006622517
NP36,IEA Cycle-Based Model,0.9,0.9521620701395982,0.9397764900662251
NP34,FC-Based Model,-0.1,0.0,0.004816955684007707
NP34,Shuffled Baseline,-0.1,0.0,0.0038535645472061657
NP34,IEA Cycle-Based Model,-0.1,0.0,0.0
NP34,IEA Cycle-Based Model,0.0,0.037877984084880634,0.06517839346222842
NP34,Shuffled Baseline,0.0,0.04115384615384615,0.06529985549132948
NP34,FC-Based Model,0.0,0.05251282051282051,0.051252408477842
NP34,IEA Cycle-Based Model,0.1,0.15726495726495726,0.1994219653179191
NP34,FC-Based Model,0.1,0.1557190635451505,0.1782483035938678
NP34,Shuffled Baseline,0.1,0.15109311740890688,0.17280194706419227
NP34,IEA Cycle-Based Model,0.2,0.2523076923076923,0.2782824112303881
NP34,FC-Based Model,0.2,0.25214574898785425,0.3168542744143596
NP34,Shuffled Baseline,0.2,0.24779487179487178,0.26512524084778416
NP34,IEA Cycle-Based Model,0.3,0.3595266272189349,0.42996887505558024
NP34,FC-Based Model,0.3,0.34549450549450544,0.4270231213872832
NP34,Shuffled Baseline,0.3,0.34177514792899405,0.36093819475322364
NP34,IEA Cycle-Based Model,0.4,0.4356923076923077,0.5514450867052023
NP34,FC-Based Model,0.4,0.446013986013986,0.5465712033631109
NP34,Shuffled Baseline,0.4,0.4526315789473684,0.44463036203224826
NP34,FC-Based Model,0.5,0.5428571428571428,0.6320189925681255
NP34,Shuffled Baseline,0.5,0.5548076923076923,0.5392882947976878
NP34,IEA Cycle-Based Model,0.5,0.5303846153846153,0.6123554913294798
NP34,Shuffled Baseline,0.6,0.6521266968325792,0.6536892213532812
NP34,FC-Based Model,0.6,0.6518974358974359,0.7157996146435452
NP34,IEA Cycle-Based Model,0.6,0.6386813186813187,0.7002477291494633
NP34,Shuffled Baseline,0.7,0.7502262443438914,0.7622407344440666
NP34,IEA Cycle-Based Model,0.7,0.7612307692307693,0.8011560693641618
NP34,FC-Based Model,0.7,0.7594871794871795,0.8077231856133591
NP34,Shuffled Baseline,0.8,0.8608791208791209,0.8529108175061932
NP34,IEA Cycle-Based Model,0.8,0.8646153846153847,0.8728323699421966
NP34,FC-Based Model,0.8,0.8501775147928995,0.8811694086260561
NP34,FC-Based Model,0.9,0.9514725274725275,0.9601981833195706
NP34,Shuffled Baseline,0.9,0.9491497975708502,0.9558868268938241
NP34,IEA Cycle-Based Model,0.9,0.9505707196029777,0.9555286220399031
NP55,FC-Based Model,-0.1,0.0,0.0
NP55,Shuffled Baseline,-0.1,0.0,0.0
NP55,IEA Cycle-Based Model,-0.1,0.0,0.001694915254237288
NP55,FC-Based Model,0.0,0.05104649529428291,0.05190207156308851
NP55,Shuffled Baseline,0.0,0.05240776922192852,0.037673343605547
NP55,IEA Cycle-Based Model,0.0,0.044789597254831136,0.06198547215496368
NP55,Shuffled Baseline,0.1,0.15300810589722613,0.1336989032901296
NP55,IEA Cycle-Based Model,0.1,0.12895069532237674,0.14915254237288136
NP55,FC-Based Model,0.1,0.14254108723135273,0.15694915254237288
NP55,FC-Based Model,0.2,0.254883569185596,0.2913067249863313
NP55,IEA Cycle-Based Model,0.2,0.21238938053097345,0.288135593220339
NP55,Shuffled Baseline,0.2,0.24168959619245925,0.2337986041874377
NP55,Shuffled Baseline,0.3,0.3475769068689422,0.3489265536723164
NP55,IEA Cycle-Based Model,0.3,0.365865992414665,0.41627118644067795
NP55,FC-Based Model,0.3,0.34960614606632306,0.4217731421121252
NP55,FC-Based Model,0.4,0.46184044181249584,0.5609277430865298
NP55,Shuffled Baseline,0.4,0.4418457648546144,0.4494915254237288
NP55,IEA Cycle-Based Model,0.4,0.4393173198482933,0.5050847457627119
NP55,FC-Based Model,0.5,0.5547408343868521,0.6412429378531074
NP55,Shuffled Baseline,0.5,0.5517628880460739,0.5386064030131826
NP55,IEA Cycle-Based Model,0.5,0.5297092288242731,0.5932203389830508
NP55,FC-Based Model,0.6,0.6400758533501897,0.7322033898305085
NP55,Shuffled Baseline,0.6,0.6503813058195016,0.6377255330781848
NP55,IEA Cycle-Based Model,0.6,0.6055625790139064,0.7016949152542373
NP55,FC-Based Model,0.7,0.7627253975647083,0.815700267618198
NP55,Shuffled Baseline,0.7,0.7792527040314652,0.7453860640301317
NP55,Shuffled Baseline,0.8,0.8458551562217808,0.8207021791767554
NP55,FC-Based Model,0.8,0.8586411949243808,0.8755806654111739
NP55,FC-Based Model,0.9,0.9503792667509482,0.962788906009245
NP55,Shuffled Baseline,0.9,0.9500866226529944,0.9424984306340239
NP55,IEA Cycle-Based Model,0.9,0.9898019384745048,0.9746892655367232
NP45,Shuffled Baseline,-0.1,0.0,0.0
NP45,IEA Cycle-Based Model,-0.1,0.0,0.0
NP45,FC-Based Model,-0.1,0.0,0.0
NP45,FC-Based Model,0.0,0.05967741935483871,0.16923076923076924
NP45,Shuffled Baseline,0.0,0.05,0.09230769230769231
NP45,IEA Cycle-Based Model,0.1,0.16129032258064516,0.6923076923076923
NP45,Shuffled Baseline,0.1,0.16129032258064516,0.15384615384615385
NP45,FC-Based Model,0.1,0.1431451612903226,0.3269230769230769
NP45,FC-Based Model,0.2,0.25,0.6153846153846154
NP45,Shuffled Baseline,0.2,0.21370967741935482,0.19230769230769232
NP45,IEA Cycle-Based Model,0.2,0.2467741935483871,0.8153846153846154
NP45,Shuffled Baseline,0.3,0.35685483870967744,0.3269230769230769
NP45,IEA Cycle-Based Model,0.3,0.35215053763440857,1.0
NP45,FC-Based Model,0.3,0.3326612903225806,0.7692307692307693
NP45,IEA Cycle-Based Model,0.4,0.4596774193548387,1.0
NP45,Shuffled Baseline,0.4,0.4798387096774194,0.38461538461538464
NP45,FC-Based Model,0.4,0.4381720430107527,0.923076923076923
NP45,IEA Cycle-Based Model,0.5,0.5725806451612904,1.0
NP45,FC-Based Model,0.5,0.5516129032258064,0.9230769230769231
NP45,Shuffled Baseline,0.5,0.5524193548387096,0.38461538461538464
NP45,Shuffled Baseline,0.6,0.657258064516129,0.38461538461538464
NP45,FC-Based Model,0.6,0.6532258064516129,0.9230769230769231
NP45,IEA Cycle-Based Model,0.7,0.7540322580645161,1.0
NP45,Shuffled Baseline,0.7,0.7553763440860215,0.576923076923077
NP45,FC-Based Model,0.7,0.7523041474654377,0.9230769230769231
NP45,FC-Based Model,0.8,0.8870967741935484,1.0
NP45,Shuffled Baseline,0.8,0.8290322580645162,0.7692307692307693
NP45,IEA Cycle-Based Model,0.8,0.8709677419354839,1.0
NP45,FC-Based Model,0.9,0.967741935483871,1.0
NP45,Shuffled Baseline,0.9,0.9564516129032258,1.0
NP45,IEA Cycle-Based Model,0.9,0.9623655913978495,1.0
NP39,FC-Based Model,-0.1,0.0,0.005847953216374269
NP39,Shuffled Baseline,-0.1,0.0,0.0
NP39,IEA Cycle-Based Model,-0.1,0.0,0.0
NP39,Shuffled Baseline,0.0,0.04177885868149049,0.07521677757612422
NP39,FC-Based Model,0.0,0.05709487825356843,0.042606516290726815
NP39,IEA Cycle-Based Model,0.0,0.04534005037783376,0.15024741340530814
NP39,FC-Based Model,0.1,0.1480421341882299,0.18859649122807018
NP39,Shuffled Baseline,0.1,0.15393226980128744,0.16049382716049382
NP39,IEA Cycle-Based Model,0.1,0.15869017632241814,0.34429824561403505
NP39,Shuffled Baseline,0.2,0.24659949622166247,0.23664717348927872
NP39,FC-Based Model,0.2,0.25166691361683213,0.3572411420708634
NP39,IEA Cycle-Based Model,0.2,0.2204030226700252,0.42397660818713445
NP39,FC-Based Model,0.3,0.3564231738035264,0.4491677912730544
NP39,IEA Cycle-Based Model,0.3,0.3648194794290512,0.6267056530214425
NP39,Shuffled Baseline,0.3,0.3443131176128657,0.33513270355375613
NP39,IEA Cycle-Based Model,0.4,0.46263643996641474,0.7387914230019493
NP39,Shuffled Baseline,0.4,0.4560675655652689,0.4011007911936704
NP39,FC-Based Model,0.4,0.44966881238921547,0.5440762399826727
NP39,FC-Based Model,0.5,0.5582493702770781,0.6532651072124757
NP39,Shuffled Baseline,0.5,0.551170818173337,0.49057829759584143
NP39,IEA Cycle-Based Model,0.5,0.5214105793450882,0.7953216374269005
NP39,FC-Based Model,0.6,0.6466204869857263,0.7507309941520468
NP39,Shuffled Baseline,0.6,0.652896725440806,0.5932163742690059
NP39,IEA Cycle-Based Model,0.6,0.6763224181360201,0.8625730994152047
NP39,Shuffled Baseline,0.7,0.7478309543800727,0.730669265756985
NP39,FC-Based Model,0.7,0.7539882451721243,0.8411306042884991
NP39,IEA Cycle-Based Model,0.7,0.7476070528967254,0.8994152046783626
NP39,IEA Cycle-Based Model,0.8,0.8723761544920235,0.9566276803118908
NP39,FC-Based Model,0.8,0.836272040302267,0.9119729147429978
NP39,Shuffled Baseline,0.8,0.8571897930128136,0.8721078057462496
NP39,IEA Cycle-Based Model,0.9,0.9449202350965575,0.9957115009746589
NP39,Shuffled Baseline,0.9,0.9607052896725442,0.9584795321637427
NP39,FC-Based Model,0.9,0.9568010075566751,0.9614035087719298
NP47,FC-Based Model,-0.1,0.0,0.0
NP47,Shuffled Baseline,-0.1,0.0,0.0
NP47,IEA Cycle-Based Model,-0.1,0.0,0.0
NP47,IEA Cycle-Based Model,0.0,0.039941785252263905,0.10416666666666666
NP47,FC-Based Model,0.0,0.06028460543337646,0.26666666666666666
NP47,Shuffled Baseline,0.0,0.00129366106080207,0.0
NP47,FC-Based Model,0.1,0.12160413971539456,0.8333333333333333
NP47,IEA Cycle-Based Model,0.1,0.14091665126593975,0.619047619047619
NP47,Shuffled Baseline,0.1,0.15135834411384216,0.16666666666666666
NP47,IEA Cycle-Based Model,0.2,0.245019404915912,0.6666666666666666
NP47,IEA Cycle-Based Model,0.3,0.35010301375113795,0.6666666666666666
NP47,IEA Cycle-Based Model,0.4,0.4490297542043985,0.8833333333333334
NP47,IEA Cycle-Based Model,0.5,0.558085381630013,1.0
NP47,IEA Cycle-Based Model,0.6,0.6597671410090556,1.0
NP47,IEA Cycle-Based Model,0.7,0.7523932729624838,1.0
NP47,Shuffled Baseline,0.7,0.7800776196636481,0.5
NP47,IEA Cycle-Based Model,0.8,0.8607876958459105,1.0
NP47,Shuffled Baseline,0.8,0.8408796895213454,0.8333333333333333
NP47,FC-Based Model,0.9,1.0,1.0
NP47,IEA Cycle-Based Model,0.9,0.9541771634779055,1.0
NP47,Shuffled Baseline,0.9,1.0,1.0
NP15,IEA Cycle-Based Model,-0.1,0.0,0.01869158878504673
NP15,FC-Based Model,-0.1,0.0,0.03115264797507788
NP15,Shuffled Baseline,-0.1,0.0,0.004672897196261682
NP15,IEA Cycle-Based Model,0.0,0.06944444444444443,0.06074766355140187
NP15,FC-Based Model,0.0,0.0625,0.34813084112149534
NP15,Shuffled Baseline,0.0,0.0625,0.04906542056074766
NP15,IEA Cycle-Based Model,0.1,0.15277777777777776,0.16355140186915887
NP15,FC-Based Model,0.1,0.14583333333333331,0.5116822429906542
NP15,Shuffled Baseline,0.1,0.14583333333333331,0.12149532710280374
NP15,IEA Cycle-Based Model,0.2,0.255952380952381,0.38050734312416556
NP15,Shuffled Baseline,0.2,0.25,0.29439252336448596
NP15,FC-Based Model,0.2,0.22916666666666669,0.5654205607476634
NP15,Shuffled Baseline,0.3,0.35416666666666663,0.4672897196261682
NP15,FC-Based Model,0.3,0.35416666666666663,0.6495327102803738
NP15,IEA Cycle-Based Model,0.3,0.3333333333333333,0.4485981308411215
NP15,FC-Based Model,0.4,0.4583333333333333,0.7196261682242989
NP15,Shuffled Baseline,0.4,0.4583333333333333,0.6510903426791277
NP15,IEA Cycle-Based Model,0.4,0.4444444444444444,0.5389408099688473
NP15,IEA Cycle-Based Model,0.5,0.5833333333333334,0.5934579439252337
NP15,Shuffled Baseline,0.5,0.5416666666666666,0.705607476635514
NP15,FC-Based Model,0.5,0.5625,0.7663551401869159
NP15,Shuffled Baseline,0.6,0.6458333333333333,0.7570093457943925
NP15,FC-Based Model,0.6,0.6458333333333333,0.8247663551401869
NP15,IEA Cycle-Based Model,0.6,0.6458333333333333,0.6261682242990654
NP15,IEA Cycle-Based Model,0.7,0.7916666666666666,0.719626168224299
NP15,FC-Based Model,0.7,0.7708333333333333,0.8831775700934579
NP15,Shuffled Baseline,0.7,0.75,0.8940809968847351
NP15,IEA Cycle-Based Model,0.8,0.8666666666666666,0.8766355140186916
NP15,FC-Based Model,0.8,0.875,0.9252336448598131
NP15,Shuffled Baseline,0.8,0.8541666666666667,0.969626168224299
NP15,FC-Based Model,0.9,0.9791666666666667,0.9742990654205608
NP15,Shuffled Baseline,0.9,0.95,0.9925233644859812
NP15,IEA Cycle-Based Model,0.9,0.95,0.9757009345794392
NP1,FC-Based Model,-0.1,0.0,0.0
NP1,Shuffled Baseline,-0.1,0.0,0.002109704641350211
NP1,IEA Cycle-Based Model,-0.1,0.0,0.0
NP1,Shuffled Baseline,0.0,0.053482221569203646,0.06020376659462797
NP1,FC-Based Model,0.0,0.04793533106786119,0.059720869847452125
NP1,IEA Cycle-Based Model,0.0,0.04654983570646221,0.08707326428845417
NP1,IEA Cycle-Based Model,0.1,0.15729585006693442,0.2739803094233474
NP1,Shuffled Baseline,0.1,0.15547905909351695,0.14366083986337153
NP1,FC-Based Model,0.1,0.14363007585899154,0.17416783872480077
NP1,Shuffled Baseline,0.2,0.252710843373494,0.20928270042194094
NP1,IEA Cycle-Based Model,0.2,0.2561675272518646,0.41531042796865586
NP1,FC-Based Model,0.2,0.2476572958500669,0.30239099859353025
NP1,FC-Based Model,0.3,0.34682479919678716,0.41337025316455694
NP1,IEA Cycle-Based Model,0.3,0.3688085676037483,0.46835443037974683
NP1,Shuffled Baseline,0.3,0.3546630968317715,0.34842944210032817
NP1,IEA Cycle-Based Model,0.4,0.4350736278447122,0.561181434599156
NP1,FC-Based Model,0.4,0.4516487000634115,0.5126582278481012
NP1,Shuffled Baseline,0.4,0.4550092260935634,0.44292393659482265
NP1,IEA Cycle-Based Model,0.5,0.5775100401606426,0.6320675105485233
NP1,Shuffled Baseline,0.5,0.5474249940940232,0.5287912633407794
NP1,FC-Based Model,0.5,0.5503951289027076,0.6150809854362325
NP1,Shuffled Baseline,0.6,0.6443013433042515,0.6102138804015713
NP1,IEA Cycle-Based Model,0.6,0.6631526104417671,0.6814345991561181
NP1,FC-Based Model,0.6,0.6439712337722985,0.7533117456579334
NP1,IEA Cycle-Based Model,0.7,0.768239625167336,0.7563291139240507
NP1,Shuffled Baseline,0.7,0.7528781793842035,0.7175808720112518
NP1,FC-Based Model,0.7,0.746318607764391,0.8578186932617312
NP1,FC-Based Model,0.8,0.8541909573778987,0.9281339322172315
NP1,Shuffled Baseline,0.8,0.8472865822263412,0.8497241155469004
NP1,IEA Cycle-Based Model,0.8,0.8461996132678864,0.8466947960618847
NP1,FC-Based Model,0.9,0.9702338766832035,0.984115165053363
NP1,Shuffled Baseline,0.9,0.961786540099793,0.9587009333844777
NP1,IEA Cycle-Based Model,0.9,0.9498661311914324,0.9502109704641349
NP43,FC-Based Model,-0.1,0.0,0.0
NP43,Shuffled Baseline,-0.1,0.0,0.0
NP43,IEA Cycle-Based Model,-0.1,0.0,0.0
NP43,IEA Cycle-Based Model,0.0,0.00847457627118644,0.0
NP43,FC-Based Model,0.1,0.15254237288135594,0.3115942028985507
NP43,FC-Based Model,0.2,0.2288135593220339,0.40942028985507245
NP43,Shuffled Baseline,0.2,0.2288135593220339,0.2644927536231884
NP43,IEA Cycle-Based Model,0.2,0.2775423728813559,0.38315217391304346
NP43,Shuffled Baseline,0.3,0.3389830508474576,0.3333333333333333
NP43,FC-Based Model,0.3,0.3135593220338983,0.5398550724637681
NP43,Shuffled Baseline,0.4,0.4830508474576271,0.4528985507246377
NP43,IEA Cycle-Based Model,0.4,0.4915254237288136,0.6847826086956522
NP43,FC-Based Model,0.6,0.6864406779661016,0.7681159420289855
NP43,Shuffled Baseline,0.7,0.7457627118644068,0.7717391304347826
NP43,FC-Based Model,0.7,0.7542372881355932,0.8115942028985508
NP43,Shuffled Baseline,0.8,0.8305084745762712,0.8007246376811594
NP43,IEA Cycle-Based Model,0.9,0.963276836158192,0.9613526570048309
NP43,FC-Based Model,0.9,0.963276836158192,0.9734299516908212
NP43,Shuffled Baseline,0.9,0.9661016949152542,0.9528985507246377
